<?xml version="1.0" encoding="UTF-8"?>
<extentreports>
    <configuration>
        <!-- report theme -->
        <!-- standard, dark -->
        <theme>standard</theme>
    
        <!-- document encoding -->
        <!-- defaults to UTF-8 -->
        <encoding>UTF-8</encoding>
        
        <!-- protocol for script and stylesheets -->
        <!-- defaults to https -->
        <protocol>http</protocol>
        
        <!-- title of the document -->
        <documentTitle>DigiCa</documentTitle>
        
        <!-- report name - displayed at top-nav -->
        <reportName>DigiC+A Report
         <![CDATA[
                <img src='C:\Users\Mac\git\DigitalCplusA\DigitalCplusA\Imagesrc\casas_logo.png'/>
            ]]>
        </reportName>
        
        
        <!-- location of charts in the test view -->
        <!-- top, bottom -->
        <testViewChartLocation>bottom</testViewChartLocation>
      
        <!-- custom javascript -->
        <scripts>
            <![CDATA[
                $(document).ready(function() {
                    
                });
            ]]>
        </scripts>
        
        <!-- custom styles -->
        <styles>
            <![CDATA[
            .report-name { padding-left: 18px; } .report-name > img { float: 
      left;height: 90%;margin-left: 30px;margin-top: 3px;width: auto; }
        ]]>
        </styles>
    </configuration>
</extentreports>